<?xml version="1.0"?>
<?mso-application progid="Excel.Sheet"?>
<Workbook xmlns="urn:schemas-microsoft-com:office:spreadsheet"
 xmlns:o="urn:schemas-microsoft-com:office:office"
 xmlns:x="urn:schemas-microsoft-com:office:excel"
 xmlns:ss="urn:schemas-microsoft-com:office:spreadsheet"
 xmlns:html="http://www.w3.org/TR/REC-html40">
 <DocumentProperties xmlns="urn:schemas-microsoft-com:office:office">
  <Title>Submittal Table of Contents.xlsx</Title>
  <Author>BCST-352-BH</Author>
  <LastAuthor>BCST-352-BH</LastAuthor>
  <LastPrinted>2015-09-03T20:43:10Z</LastPrinted>
  <LastSaved>2015-09-02T19:55:03Z</LastSaved>
  <Version>15.00</Version>
 </DocumentProperties>
 <OfficeDocumentSettings xmlns="urn:schemas-microsoft-com:office:office">
  <AllowPNG/>
 </OfficeDocumentSettings>
 <ExcelWorkbook xmlns="urn:schemas-microsoft-com:office:excel">
  <WindowHeight>7455</WindowHeight>
  <WindowWidth>20400</WindowWidth>
  <WindowTopX>0</WindowTopX>
  <WindowTopY>0</WindowTopY>
  <ProtectStructure>False</ProtectStructure>
  <ProtectWindows>False</ProtectWindows>
 </ExcelWorkbook>
 <Styles>
  <Style ss:ID="Default" ss:Name="Normal">
   <Alignment ss:Vertical="Top" ss:WrapText="1"/>
   <Font ss:FontName="Times New Roman" x:CharSet="204" x:Family="Roman"/>
  </Style>
  <Style ss:ID="m369028976">
   <Alignment ss:Horizontal="Left" ss:Vertical="Top" ss:WrapText="1"/>
   <Borders>
    <Border ss:Position="Bottom" ss:LineStyle="Continuous" ss:Weight="1"
     ss:Color="#000000"/>
    <Border ss:Position="Left" ss:LineStyle="Continuous" ss:Weight="1"
     ss:Color="#000000"/>
    <Border ss:Position="Right" ss:LineStyle="Continuous" ss:Weight="1"
     ss:Color="#000000"/>
    <Border ss:Position="Top" ss:LineStyle="Continuous" ss:Weight="1"
     ss:Color="#000000"/>
   </Borders>
   <Font ss:FontName="Calibri" x:CharSet="204" x:Family="Roman" ss:Size="7"
    ss:Color="#000000" ss:Bold="1"/>
   <Interior ss:Color="#FFFFFF" ss:Pattern="Solid"/>
  </Style>
  <Style ss:ID="m369028996">
   <Alignment ss:Horizontal="Left" ss:Vertical="Top" ss:WrapText="1"/>
   <Borders>
    <Border ss:Position="Bottom" ss:LineStyle="Continuous" ss:Weight="1"
     ss:Color="#000000"/>
    <Border ss:Position="Left" ss:LineStyle="Continuous" ss:Weight="1"
     ss:Color="#000000"/>
    <Border ss:Position="Right" ss:LineStyle="Continuous" ss:Weight="1"
     ss:Color="#000000"/>
    <Border ss:Position="Top" ss:LineStyle="Continuous" ss:Weight="1"
     ss:Color="#000000"/>
   </Borders>
   <Font ss:FontName="Calibri" x:CharSet="204" x:Family="Roman" ss:Size="7"
    ss:Color="#000000" ss:Bold="1"/>
   <Interior ss:Color="#FFFFFF" ss:Pattern="Solid"/>
  </Style>
  <Style ss:ID="m369029016">
   <Alignment ss:Horizontal="Left" ss:Vertical="Center" ss:WrapText="1"/>
   <Borders>
    <Border ss:Position="Bottom" ss:LineStyle="Continuous" ss:Weight="1"
     ss:Color="#000000"/>
    <Border ss:Position="Left" ss:LineStyle="Continuous" ss:Weight="1"
     ss:Color="#000000"/>
    <Border ss:Position="Right" ss:LineStyle="Continuous" ss:Weight="1"
     ss:Color="#000000"/>
    <Border ss:Position="Top" ss:LineStyle="Continuous" ss:Weight="1"
     ss:Color="#000000"/>
   </Borders>
   <Font ss:FontName="Calibri" x:CharSet="204" x:Family="Roman" ss:Size="7"
    ss:Color="#000000" ss:Bold="1"/>
   <Interior ss:Color="#FFFFFF" ss:Pattern="Solid"/>
  </Style>
  <Style ss:ID="m369029036">
   <Alignment ss:Horizontal="Left" ss:Vertical="Center" ss:WrapText="1"/>
   <Borders>
    <Border ss:Position="Bottom" ss:LineStyle="Continuous" ss:Weight="1"
     ss:Color="#000000"/>
    <Border ss:Position="Left" ss:LineStyle="Continuous" ss:Weight="1"
     ss:Color="#000000"/>
    <Border ss:Position="Right" ss:LineStyle="Continuous" ss:Weight="1"
     ss:Color="#000000"/>
    <Border ss:Position="Top" ss:LineStyle="Continuous" ss:Weight="1"
     ss:Color="#000000"/>
   </Borders>
   <Font ss:FontName="Calibri" x:CharSet="204" x:Family="Roman" ss:Size="7"
    ss:Color="#000000" ss:Bold="1"/>
   <Interior ss:Color="#FFFFFF" ss:Pattern="Solid"/>
  </Style>
  <Style ss:ID="m369029056">
   <Alignment ss:Horizontal="Left" ss:Vertical="Center" ss:WrapText="1"/>
   <Borders>
    <Border ss:Position="Bottom" ss:LineStyle="Continuous" ss:Weight="1"
     ss:Color="#000000"/>
    <Border ss:Position="Left" ss:LineStyle="Continuous" ss:Weight="1"
     ss:Color="#000000"/>
    <Border ss:Position="Right" ss:LineStyle="Continuous" ss:Weight="1"
     ss:Color="#000000"/>
    <Border ss:Position="Top" ss:LineStyle="Continuous" ss:Weight="1"
     ss:Color="#000000"/>
   </Borders>
   <Font ss:FontName="Calibri" x:CharSet="204" x:Family="Roman" ss:Size="7"
    ss:Color="#000000" ss:Bold="1"/>
   <Interior ss:Color="#FFFFFF" ss:Pattern="Solid"/>
  </Style>
  <Style ss:ID="m369029076">
   <Alignment ss:Horizontal="Left" ss:Vertical="Center" ss:WrapText="1"/>
   <Borders>
    <Border ss:Position="Bottom" ss:LineStyle="Continuous" ss:Weight="1"
     ss:Color="#000000"/>
    <Border ss:Position="Left" ss:LineStyle="Continuous" ss:Weight="1"
     ss:Color="#000000"/>
    <Border ss:Position="Right" ss:LineStyle="Continuous" ss:Weight="1"
     ss:Color="#000000"/>
    <Border ss:Position="Top" ss:LineStyle="Continuous" ss:Weight="1"
     ss:Color="#000000"/>
   </Borders>
   <Font ss:FontName="Calibri" x:CharSet="204" x:Family="Roman" ss:Size="7"
    ss:Color="#000000" ss:Bold="1"/>
   <Interior ss:Color="#FFFFFF" ss:Pattern="Solid"/>
  </Style>
  <Style ss:ID="s62">
   <Alignment ss:Horizontal="Left" ss:Vertical="Top"/>
   <Font ss:FontName="Calibri" x:CharSet="204" x:Family="Roman" ss:Color="#000000"/>
   <Interior ss:Color="#FFFFFF" ss:Pattern="Solid"/>
  </Style>
  <Style ss:ID="s63">
   <Alignment ss:Horizontal="Left" ss:Vertical="Top"/>
   <Font ss:FontName="Calibri" x:CharSet="204" x:Family="Roman" ss:Size="8"
    ss:Color="#000000"/>
   <Interior ss:Color="#FFFFFF" ss:Pattern="Solid"/>
  </Style>
  <Style ss:ID="s64">
   <Alignment ss:Horizontal="Left" ss:Vertical="Top"/>
   <Font ss:FontName="Calibri" x:CharSet="204" x:Family="Roman" ss:Size="7"
    ss:Color="#000000"/>
   <Interior ss:Color="#FFFFFF" ss:Pattern="Solid"/>
  </Style>
  <Style ss:ID="s65">
   <Borders/>
   <Interior ss:Color="#FFFFFF" ss:Pattern="Solid"/>
  </Style>
  <Style ss:ID="s66">
   <Alignment ss:Horizontal="Left" ss:Vertical="Top"/>
   <Font ss:FontName="Calibri" x:CharSet="204" x:Family="Roman" ss:Size="7"
    ss:Color="#000000" ss:Bold="1"/>
   <Interior ss:Color="#FFFFFF" ss:Pattern="Solid"/>
  </Style>
  <Style ss:ID="s67">
   <Alignment ss:Horizontal="Left" ss:Vertical="Top" ss:WrapText="1"/>
   <Borders>
    <Border ss:Position="Bottom" ss:LineStyle="Continuous" ss:Weight="1"
     ss:Color="#000000"/>
    <Border ss:Position="Left" ss:LineStyle="Continuous" ss:Weight="1"
     ss:Color="#000000"/>
    <Border ss:Position="Right" ss:LineStyle="Continuous" ss:Weight="1"
     ss:Color="#000000"/>
    <Border ss:Position="Top" ss:LineStyle="Continuous" ss:Weight="1"
     ss:Color="#000000"/>
   </Borders>
   <Font ss:FontName="Calibri" x:CharSet="204" x:Family="Roman" ss:Size="7"
    ss:Color="#000000" ss:Bold="1"/>
   <Interior ss:Color="#FFFFFF" ss:Pattern="Solid"/>
  </Style>
  <Style ss:ID="s70">
   <Alignment ss:Horizontal="Left" ss:Vertical="Top" ss:WrapText="1"/>
   <Borders/>
   <Font ss:FontName="Calibri" x:CharSet="204" x:Family="Roman" ss:Size="7"
    ss:Color="#000000" ss:Bold="1"/>
   <Interior ss:Color="#FFFFFF" ss:Pattern="Solid"/>
  </Style>
  <Style ss:ID="s73">
   <Alignment ss:Horizontal="Left" ss:Vertical="Center" ss:WrapText="1"/>
   <Borders>
    <Border ss:Position="Bottom" ss:LineStyle="Continuous" ss:Weight="1"
     ss:Color="#000000"/>
    <Border ss:Position="Left" ss:LineStyle="Continuous" ss:Weight="1"
     ss:Color="#000000"/>
    <Border ss:Position="Right" ss:LineStyle="Continuous" ss:Weight="1"
     ss:Color="#000000"/>
    <Border ss:Position="Top" ss:LineStyle="Continuous" ss:Weight="1"
     ss:Color="#000000"/>
   </Borders>
   <Font ss:FontName="Calibri" x:CharSet="204" x:Family="Roman" ss:Size="7"
    ss:Color="#000000" ss:Bold="1"/>
   <Interior ss:Color="#FFFFFF" ss:Pattern="Solid"/>
  </Style>
  <Style ss:ID="s79">
   <Alignment ss:Horizontal="Left" ss:Vertical="Top" ss:WrapText="1"/>
   <Borders/>
   <Font ss:FontName="Arial" x:Family="Swiss" ss:Size="7" ss:Color="#000000"/>
   <Interior ss:Color="#FFFFFF" ss:Pattern="Solid"/>
   <NumberFormat ss:Format="###0;###0"/>
  </Style>
  <Style ss:ID="s81">
   <Alignment ss:Horizontal="Left" ss:Vertical="Top" ss:WrapText="1"/>
   <Borders>
    <Border ss:Position="Top" ss:LineStyle="Continuous" ss:Weight="1"
     ss:Color="#000000"/>
   </Borders>
   <Font ss:FontName="Calibri" x:CharSet="204" x:Family="Roman" ss:Size="7"
    ss:Color="#000000"/>
   <Interior ss:Color="#FFFFFF" ss:Pattern="Solid"/>
  </Style>
  <Style ss:ID="s83">
   <Alignment ss:Horizontal="Left" ss:Vertical="Top" ss:WrapText="1"/>
   <Borders/>
   <Font ss:FontName="Calibri" x:CharSet="204" x:Family="Roman" ss:Size="7"
    ss:Color="#000000"/>
   <Interior ss:Color="#FFFFFF" ss:Pattern="Solid"/>
  </Style>
  <Style ss:ID="s86">
   <Alignment ss:Vertical="Top" ss:WrapText="1"/>
   <Borders/>
   <Interior ss:Color="#FFFFFF" ss:Pattern="Solid"/>
  </Style>
  <Style ss:ID="s88">
   <Alignment ss:Horizontal="Left" ss:Vertical="Top" ss:WrapText="1"/>
   <Borders/>
   <Font ss:FontName="Arial" x:Family="Swiss" ss:Size="7" ss:Color="#000000"/>
   <Interior ss:Color="#FFFFFF" ss:Pattern="Solid"/>
   <NumberFormat ss:Format="###0.00;###0.00"/>
  </Style>
 </Styles>
 <Worksheet ss:Name="Table 1">
  <Table ss:ExpandedColumnCount="16" ss:ExpandedRowCount="42" x:FullColumns="1"
   x:FullRows="1" ss:DefaultColumnWidth="42">
   <Column ss:AutoFitWidth="0" ss:Width="21"/>
   <Column ss:AutoFitWidth="0" ss:Width="11.25"/>
   <Column ss:AutoFitWidth="0" ss:Width="38.25"/>
   <Column ss:AutoFitWidth="0" ss:Width="12"/>
   <Column ss:AutoFitWidth="0" ss:Width="27.75"/>
   <Column ss:AutoFitWidth="0" ss:Width="24"/>
   <Column ss:AutoFitWidth="0" ss:Width="108.75"/>
   <Column ss:AutoFitWidth="0" ss:Width="17.25"/>
   <Column ss:AutoFitWidth="0" ss:Width="122.25"/>
   <Column ss:AutoFitWidth="0" ss:Width="30"/>
   <Column ss:AutoFitWidth="0" ss:Width="60.75"/>
   <Column ss:AutoFitWidth="0" ss:Width="24.75"/>
   <Column ss:AutoFitWidth="0" ss:Width="22.5"/>
   <Column ss:AutoFitWidth="0" ss:Width="65.25"/>
   <Column ss:AutoFitWidth="0" ss:Width="174.75"/>
   <Column ss:AutoFitWidth="0" ss:Width="12"/>
   <Row ss:AutoFitHeight="0" ss:Height="15">
    <Cell ss:StyleID="s62"><Data ss:Type="String">TITLE</Data></Cell>
   </Row>
   <Row ss:AutoFitHeight="0" ss:Height="15">
    <Cell ss:StyleID="s63"><Data ss:Type="String">ADDRESS</Data></Cell>
   </Row>
   <Row ss:AutoFitHeight="0" ss:Height="9">
    <Cell ss:StyleID="s64"><Data ss:Type="String">Submittal No.</Data></Cell>
    <Cell ss:StyleID="s64"/>
    <Cell ss:StyleID="s64"/>
    <Cell ss:StyleID="s64"/>
    <Cell ss:StyleID="s64"/>
    <Cell ss:StyleID="s64"><Data ss:Type="Number">1</Data></Cell>
    <Cell ss:StyleID="s64"/>
   </Row>
   <Row ss:AutoFitHeight="0" ss:Height="9">
    <Cell ss:StyleID="s64"><Data ss:Type="String">Spec Section:</Data></Cell>
    <Cell ss:StyleID="s64"/>
    <Cell ss:StyleID="s64"/>
    <Cell ss:StyleID="s64"/>
    <Cell ss:StyleID="s64"/>
    <Cell ss:StyleID="s64"><Data ss:Type="String">Section</Data></Cell>
    <Cell ss:StyleID="s64"/>
   </Row>
   <Row ss:AutoFitHeight="0" ss:Height="9">
    <Cell ss:StyleID="s64"><Data ss:Type="String">Definable Feature of Work:</Data></Cell>
    <Cell ss:Index="3" ss:StyleID="s65"/>
    <Cell ss:StyleID="s65"/>
    <Cell ss:StyleID="s65"/>
    <Cell ss:StyleID="s66"><Data ss:Type="String">Telecommunications</Data></Cell>
   </Row>
   <Row ss:AutoFitHeight="0" ss:Height="9">
    <Cell ss:StyleID="s66"/>
   </Row>
   <Row ss:AutoFitHeight="0" ss:Height="20.25">
    <Cell ss:StyleID="s67"><Data ss:Type="String">Item&#10;No.</Data></Cell>
    <Cell ss:MergeAcross="1" ss:StyleID="m369028976"><Data ss:Type="String">Submittal&#10;Type</Data></Cell>
    <Cell ss:MergeAcross="1" ss:StyleID="m369028996"><Data ss:Type="String">Spec&#10;Ref</Data></Cell>
    <Cell ss:MergeAcross="1" ss:StyleID="m369029016"><Data ss:Type="String">Description</Data></Cell>
    <Cell ss:MergeAcross="1" ss:StyleID="m369029036"><Data ss:Type="String">Model/type/color</Data></Cell>
    <Cell ss:MergeAcross="1" ss:StyleID="m369029056"><Data ss:Type="String">Part Number</Data></Cell>
    <Cell ss:MergeAcross="1" ss:StyleID="m369029076"><Data ss:Type="String">Manufacturer</Data></Cell>
    <Cell ss:StyleID="s73"><Data ss:Type="String">Comments</Data></Cell>
   </Row>
   <Row ss:AutoFitHeight="0" ss:Height="9.9375">
    <Cell ss:StyleID="s79"><Data ss:Type="Number">1</Data></Cell>
    <Cell ss:MergeAcross="1" ss:StyleID="s81"><Data ss:Type="String">Document</Data></Cell>
    <Cell ss:MergeAcross="1" ss:StyleID="s83"/>
    <Cell ss:MergeAcross="1" ss:StyleID="s70"><Data ss:Type="String">Telecommunications Contractor</Data></Cell>
    <Cell ss:StyleID="s86"/>
    <Cell ss:StyleID="s86"/>
    <Cell ss:StyleID="s86"/>
    <Cell ss:StyleID="s86"/>
    <Cell ss:MergeAcross="1" ss:StyleID="s83"/>
   </Row>
   <Row ss:AutoFitHeight="0" ss:Height="9.9375">
    <Cell ss:StyleID="s79"><Data ss:Type="Number">2</Data></Cell>
    <Cell ss:MergeAcross="1" ss:StyleID="s83"><Data ss:Type="String">Document</Data></Cell>
    <Cell ss:MergeAcross="1" ss:StyleID="s83"/>
    <Cell ss:MergeAcross="1" ss:StyleID="s70"><Data ss:Type="String">Key Personnel</Data></Cell>
    <Cell ss:StyleID="s86"/>
    <Cell ss:StyleID="s86"/>
    <Cell ss:StyleID="s86"/>
    <Cell ss:StyleID="s86"/>
    <Cell ss:MergeAcross="1" ss:StyleID="s83"/>
   </Row>
   <Row ss:AutoFitHeight="0" ss:Height="9.9375">
    <Cell ss:StyleID="s79"><Data ss:Type="Number">3</Data></Cell>
    <Cell ss:MergeAcross="1" ss:StyleID="s83"><Data ss:Type="String">Document</Data></Cell>
    <Cell ss:MergeAcross="1" ss:StyleID="s83"/>
    <Cell ss:MergeAcross="1" ss:StyleID="s70"><Data ss:Type="String">Minimum Manufacturer Qualifications</Data></Cell>
    <Cell ss:StyleID="s86"/>
    <Cell ss:StyleID="s86"/>
    <Cell ss:StyleID="s86"/>
    <Cell ss:StyleID="s86"/>
    <Cell ss:MergeAcross="1" ss:StyleID="s83"/>
   </Row>
   <Row ss:AutoFitHeight="0" ss:Height="9.9375">
    <Cell ss:StyleID="s79"><Data ss:Type="Number">4</Data></Cell>
    <Cell ss:MergeAcross="1" ss:StyleID="s83"><Data ss:Type="String">Document</Data></Cell>
    <Cell ss:MergeAcross="1" ss:StyleID="s88"/>
    <Cell ss:MergeAcross="1" ss:StyleID="s70"><Data ss:Type="String">Test Plan</Data></Cell>
    <Cell ss:StyleID="s86"/>
    <Cell ss:StyleID="s86"/>
    <Cell ss:StyleID="s86"/>
    <Cell ss:StyleID="s86"/>
    <Cell ss:MergeAcross="1" ss:StyleID="s83"/>
   </Row>
   <Row ss:AutoFitHeight="0" ss:Height="9.9375">
    <Cell ss:StyleID="s79"/>
    <Cell ss:MergeAcross="1" ss:StyleID="s83"/>
    <Cell ss:MergeAcross="1" ss:StyleID="s83"/>
    <Cell ss:MergeAcross="1" ss:StyleID="s70"/>
    <Cell ss:MergeAcross="1" ss:StyleID="s83"/>
    <Cell ss:MergeAcross="1" ss:StyleID="s83"/>
    <Cell ss:MergeAcross="1" ss:StyleID="s83"/>
   </Row>
   <Row ss:AutoFitHeight="0" ss:Height="9.9375">
    <Cell ss:StyleID="s79"/>
    <Cell ss:MergeAcross="1" ss:StyleID="s83"/>
    <Cell ss:MergeAcross="1" ss:StyleID="s83"/>
    <Cell ss:MergeAcross="1" ss:StyleID="s70"/>
    <Cell ss:MergeAcross="1" ss:StyleID="s83"/>
    <Cell ss:MergeAcross="1" ss:StyleID="s83"/>
    <Cell ss:MergeAcross="1" ss:StyleID="s83"/>
   </Row>
   <Row ss:AutoFitHeight="0" ss:Height="9.9375">
    <Cell ss:StyleID="s79"/>
    <Cell ss:MergeAcross="1" ss:StyleID="s83"/>
    <Cell ss:MergeAcross="1" ss:StyleID="s83"/>
    <Cell ss:MergeAcross="1" ss:StyleID="s70"/>
    <Cell ss:MergeAcross="1" ss:StyleID="s83"/>
    <Cell ss:MergeAcross="1" ss:StyleID="s83"/>
    <Cell ss:MergeAcross="1" ss:StyleID="s83"/>
   </Row>
   <Row ss:AutoFitHeight="0" ss:Height="9.9375">
    <Cell ss:StyleID="s79"/>
    <Cell ss:MergeAcross="1" ss:StyleID="s83"/>
    <Cell ss:MergeAcross="1" ss:StyleID="s83"/>
    <Cell ss:MergeAcross="1" ss:StyleID="s70"/>
    <Cell ss:MergeAcross="1" ss:StyleID="s83"/>
    <Cell ss:MergeAcross="1" ss:StyleID="s83"/>
    <Cell ss:MergeAcross="1" ss:StyleID="s83"/>
   </Row>
   <Row ss:AutoFitHeight="0" ss:Height="9.9375">
    <Cell ss:StyleID="s79"/>
    <Cell ss:MergeAcross="1" ss:StyleID="s83"/>
    <Cell ss:MergeAcross="1" ss:StyleID="s83"/>
    <Cell ss:MergeAcross="1" ss:StyleID="s70"/>
    <Cell ss:MergeAcross="1" ss:StyleID="s83"/>
    <Cell ss:MergeAcross="1" ss:StyleID="s83"/>
    <Cell ss:MergeAcross="1" ss:StyleID="s83"/>
   </Row>
   <Row ss:AutoFitHeight="0" ss:Height="9.9375">
    <Cell ss:StyleID="s79"/>
    <Cell ss:MergeAcross="1" ss:StyleID="s83"/>
    <Cell ss:MergeAcross="1" ss:StyleID="s83"/>
    <Cell ss:MergeAcross="1" ss:StyleID="s70"/>
    <Cell ss:MergeAcross="1" ss:StyleID="s83"/>
    <Cell ss:MergeAcross="1" ss:StyleID="s83"/>
    <Cell ss:MergeAcross="1" ss:StyleID="s83"/>
   </Row>
   <Row ss:AutoFitHeight="0" ss:Height="9.9375">
    <Cell ss:StyleID="s79"/>
    <Cell ss:MergeAcross="1" ss:StyleID="s83"/>
    <Cell ss:MergeAcross="1" ss:StyleID="s83"/>
    <Cell ss:MergeAcross="1" ss:StyleID="s70"/>
    <Cell ss:MergeAcross="1" ss:StyleID="s83"/>
    <Cell ss:MergeAcross="1" ss:StyleID="s83"/>
    <Cell ss:MergeAcross="1" ss:StyleID="s83"/>
   </Row>
   <Row ss:AutoFitHeight="0" ss:Height="9.9375">
    <Cell ss:StyleID="s79"/>
    <Cell ss:MergeAcross="1" ss:StyleID="s83"/>
    <Cell ss:MergeAcross="1" ss:StyleID="s83"/>
    <Cell ss:MergeAcross="1" ss:StyleID="s70"/>
    <Cell ss:MergeAcross="1" ss:StyleID="s83"/>
    <Cell ss:MergeAcross="1" ss:StyleID="s83"/>
    <Cell ss:MergeAcross="1" ss:StyleID="s83"/>
   </Row>
   <Row ss:AutoFitHeight="0" ss:Height="9.9375">
    <Cell ss:StyleID="s79"/>
    <Cell ss:MergeAcross="1" ss:StyleID="s83"/>
    <Cell ss:MergeAcross="1" ss:StyleID="s83"/>
    <Cell ss:MergeAcross="1" ss:StyleID="s70"/>
    <Cell ss:MergeAcross="1" ss:StyleID="s83"/>
    <Cell ss:MergeAcross="1" ss:StyleID="s83"/>
    <Cell ss:MergeAcross="1" ss:StyleID="s83"/>
   </Row>
   <Row ss:AutoFitHeight="0" ss:Height="9.9375">
    <Cell ss:StyleID="s79"/>
    <Cell ss:MergeAcross="1" ss:StyleID="s83"/>
    <Cell ss:MergeAcross="1" ss:StyleID="s83"/>
    <Cell ss:MergeAcross="1" ss:StyleID="s70"/>
    <Cell ss:MergeAcross="1" ss:StyleID="s83"/>
    <Cell ss:MergeAcross="1" ss:StyleID="s83"/>
    <Cell ss:MergeAcross="1" ss:StyleID="s83"/>
   </Row>
   <Row ss:AutoFitHeight="0" ss:Height="9.9375">
    <Cell ss:StyleID="s79"/>
    <Cell ss:MergeAcross="1" ss:StyleID="s83"/>
    <Cell ss:MergeAcross="1" ss:StyleID="s83"/>
    <Cell ss:MergeAcross="1" ss:StyleID="s70"/>
    <Cell ss:MergeAcross="1" ss:StyleID="s83"/>
    <Cell ss:MergeAcross="1" ss:StyleID="s83"/>
    <Cell ss:MergeAcross="1" ss:StyleID="s83"/>
   </Row>
   <Row ss:AutoFitHeight="0" ss:Height="9.9375">
    <Cell ss:StyleID="s79"/>
    <Cell ss:MergeAcross="1" ss:StyleID="s83"/>
    <Cell ss:MergeAcross="1" ss:StyleID="s83"/>
    <Cell ss:MergeAcross="1" ss:StyleID="s70"/>
    <Cell ss:MergeAcross="1" ss:StyleID="s83"/>
    <Cell ss:MergeAcross="1" ss:StyleID="s83"/>
    <Cell ss:MergeAcross="1" ss:StyleID="s83"/>
   </Row>
   <Row ss:AutoFitHeight="0" ss:Height="9.9375">
    <Cell ss:StyleID="s79"/>
    <Cell ss:MergeAcross="1" ss:StyleID="s83"/>
    <Cell ss:MergeAcross="1" ss:StyleID="s83"/>
    <Cell ss:MergeAcross="1" ss:StyleID="s70"/>
    <Cell ss:MergeAcross="1" ss:StyleID="s83"/>
    <Cell ss:MergeAcross="1" ss:StyleID="s83"/>
    <Cell ss:MergeAcross="1" ss:StyleID="s83"/>
   </Row>
   <Row ss:AutoFitHeight="0" ss:Height="9.9375">
    <Cell ss:StyleID="s79"/>
    <Cell ss:MergeAcross="1" ss:StyleID="s83"/>
    <Cell ss:MergeAcross="1" ss:StyleID="s83"/>
    <Cell ss:MergeAcross="1" ss:StyleID="s70"/>
    <Cell ss:MergeAcross="1" ss:StyleID="s83"/>
    <Cell ss:MergeAcross="1" ss:StyleID="s83"/>
    <Cell ss:MergeAcross="1" ss:StyleID="s83"/>
   </Row>
   <Row ss:AutoFitHeight="0" ss:Height="9.9375">
    <Cell ss:StyleID="s79"/>
    <Cell ss:MergeAcross="1" ss:StyleID="s83"/>
    <Cell ss:MergeAcross="1" ss:StyleID="s83"/>
    <Cell ss:MergeAcross="1" ss:StyleID="s70"/>
    <Cell ss:MergeAcross="1" ss:StyleID="s83"/>
    <Cell ss:MergeAcross="1" ss:StyleID="s83"/>
    <Cell ss:MergeAcross="1" ss:StyleID="s83"/>
   </Row>
   <Row ss:AutoFitHeight="0" ss:Height="9.9375">
    <Cell ss:StyleID="s79"/>
    <Cell ss:MergeAcross="1" ss:StyleID="s83"/>
    <Cell ss:MergeAcross="1" ss:StyleID="s83"/>
    <Cell ss:MergeAcross="1" ss:StyleID="s70"/>
    <Cell ss:MergeAcross="1" ss:StyleID="s83"/>
    <Cell ss:MergeAcross="1" ss:StyleID="s83"/>
    <Cell ss:MergeAcross="1" ss:StyleID="s83"/>
   </Row>
   <Row ss:AutoFitHeight="0" ss:Height="9.9375">
    <Cell ss:StyleID="s79"/>
    <Cell ss:MergeAcross="1" ss:StyleID="s83"/>
    <Cell ss:MergeAcross="1" ss:StyleID="s83"/>
    <Cell ss:MergeAcross="1" ss:StyleID="s70"/>
    <Cell ss:MergeAcross="1" ss:StyleID="s83"/>
    <Cell ss:MergeAcross="1" ss:StyleID="s83"/>
    <Cell ss:MergeAcross="1" ss:StyleID="s83"/>
   </Row>
   <Row ss:AutoFitHeight="0" ss:Height="9.9375">
    <Cell ss:StyleID="s79"/>
    <Cell ss:MergeAcross="1" ss:StyleID="s83"/>
    <Cell ss:MergeAcross="1" ss:StyleID="s83"/>
    <Cell ss:MergeAcross="1" ss:StyleID="s70"/>
    <Cell ss:MergeAcross="1" ss:StyleID="s83"/>
    <Cell ss:MergeAcross="1" ss:StyleID="s83"/>
    <Cell ss:MergeAcross="1" ss:StyleID="s83"/>
   </Row>
   <Row ss:AutoFitHeight="0" ss:Height="9.9375">
    <Cell ss:StyleID="s79"/>
    <Cell ss:MergeAcross="1" ss:StyleID="s83"/>
    <Cell ss:MergeAcross="1" ss:StyleID="s83"/>
    <Cell ss:MergeAcross="1" ss:StyleID="s70"/>
    <Cell ss:MergeAcross="1" ss:StyleID="s83"/>
    <Cell ss:MergeAcross="1" ss:StyleID="s83"/>
    <Cell ss:MergeAcross="1" ss:StyleID="s83"/>
   </Row>
   <Row ss:AutoFitHeight="0" ss:Height="9.9375">
    <Cell ss:StyleID="s79"/>
    <Cell ss:MergeAcross="1" ss:StyleID="s83"/>
    <Cell ss:MergeAcross="1" ss:StyleID="s83"/>
    <Cell ss:MergeAcross="1" ss:StyleID="s70"/>
    <Cell ss:MergeAcross="1" ss:StyleID="s83"/>
    <Cell ss:MergeAcross="1" ss:StyleID="s83"/>
    <Cell ss:MergeAcross="1" ss:StyleID="s83"/>
   </Row>
   <Row ss:AutoFitHeight="0" ss:Height="9.9375">
    <Cell ss:StyleID="s79"/>
    <Cell ss:MergeAcross="1" ss:StyleID="s83"/>
    <Cell ss:MergeAcross="1" ss:StyleID="s83"/>
    <Cell ss:MergeAcross="1" ss:StyleID="s70"/>
    <Cell ss:MergeAcross="1" ss:StyleID="s83"/>
    <Cell ss:MergeAcross="1" ss:StyleID="s83"/>
    <Cell ss:MergeAcross="1" ss:StyleID="s83"/>
   </Row>
   <Row ss:AutoFitHeight="0" ss:Height="9.9375">
    <Cell ss:StyleID="s79"/>
    <Cell ss:MergeAcross="1" ss:StyleID="s83"/>
    <Cell ss:MergeAcross="1" ss:StyleID="s83"/>
    <Cell ss:MergeAcross="1" ss:StyleID="s70"/>
    <Cell ss:MergeAcross="1" ss:StyleID="s83"/>
    <Cell ss:MergeAcross="1" ss:StyleID="s83"/>
    <Cell ss:MergeAcross="1" ss:StyleID="s83"/>
   </Row>
   <Row ss:AutoFitHeight="0" ss:Height="9.9375">
    <Cell ss:StyleID="s79"/>
    <Cell ss:MergeAcross="1" ss:StyleID="s83"/>
    <Cell ss:MergeAcross="1" ss:StyleID="s83"/>
    <Cell ss:MergeAcross="1" ss:StyleID="s70"/>
    <Cell ss:MergeAcross="1" ss:StyleID="s83"/>
    <Cell ss:MergeAcross="1" ss:StyleID="s83"/>
    <Cell ss:MergeAcross="1" ss:StyleID="s83"/>
   </Row>
   <Row ss:AutoFitHeight="0" ss:Height="9.9375">
    <Cell ss:StyleID="s79"/>
    <Cell ss:MergeAcross="1" ss:StyleID="s83"/>
    <Cell ss:MergeAcross="1" ss:StyleID="s83"/>
    <Cell ss:MergeAcross="1" ss:StyleID="s70"/>
    <Cell ss:MergeAcross="1" ss:StyleID="s83"/>
    <Cell ss:MergeAcross="1" ss:StyleID="s83"/>
    <Cell ss:MergeAcross="1" ss:StyleID="s83"/>
   </Row>
   <Row ss:AutoFitHeight="0" ss:Height="9.9375">
    <Cell ss:StyleID="s79"/>
    <Cell ss:MergeAcross="1" ss:StyleID="s83"/>
    <Cell ss:MergeAcross="1" ss:StyleID="s83"/>
    <Cell ss:MergeAcross="1" ss:StyleID="s70"/>
    <Cell ss:MergeAcross="1" ss:StyleID="s83"/>
    <Cell ss:MergeAcross="1" ss:StyleID="s83"/>
    <Cell ss:MergeAcross="1" ss:StyleID="s83"/>
   </Row>
   <Row ss:AutoFitHeight="0" ss:Height="9.9375" ss:Span="5"/>
  </Table>
  <WorksheetOptions xmlns="urn:schemas-microsoft-com:office:excel">
   <PageSetup>
    <Layout x:Orientation="Landscape"/>
   </PageSetup>
   <Print>
    <ValidPrinterInfo/>
    <HorizontalResolution>600</HorizontalResolution>
    <VerticalResolution>600</VerticalResolution>
   </Print>
   <Selected/>
   <Panes>
    <Pane>
     <Number>3</Number>
     <ActiveRow>33</ActiveRow>
     <ActiveCol>7</ActiveCol>
     <RangeSelection>R34C8:R34C9</RangeSelection>
    </Pane>
   </Panes>
   <ProtectObjects>False</ProtectObjects>
   <ProtectScenarios>False</ProtectScenarios>
  </WorksheetOptions>
 </Worksheet>
 <x:ExcelWorkbook/>
</Workbook>
